{
  "thresholds": {
    "ear": {
      "enter_hi": 0.20096617417647617,
      "exit_lo": 0.31739431457981654
    },
    "mar": {
      "enter_hi": 0.0528162710622507,
      "exit_lo": 0.010307139810891381
    },
    "perclos": {
      "enter_hi": 18.24578654312357,
      "exit_lo": 7.7195208387083056
    },
    "pitch": {
      "enter_hi": 5.83574356519737,
      "exit_lo": 2.5892255662169723
    }
  },
  "weights": {
    "ear": 0.22706338563793143,
    "mar": 0.15018851658482372,
    "perclos": 0.387529099625384,
    "pitch": 0.2552189981518608
  },
  "metrics_names": [
    "ear",
    "mar",
    "perclos",
    "pitch"
  ]
}